Country,Region
United States,North America
China,Asia
Germany,Europe
Japan,Asia
India,Asia
United Kingdom,Europe
France,Europe
Brazil,South America
Italy,Europe
CaNorth Americada,North America
Russia,Europe
Mexico,North America
Australia,Oceania
South Korea,Asia
Spain,Europe
Indonesia,Asia
Netherlands,Europe
Turkey,Europe
South Americaudi Arabia,Asia
Switzerland,Europe
Poland,Europe
Taiwan,Asia
Belgium,Europe
Sweden,Europe
ArgentiNorth America,South America
Ireland,Europe
Thailand,Asia
Austria,Europe
Israel,Asia
United Arab Emirates,Asia
Norway,Europe
Singapore,Asia
Philippines,Asia
VietNorth Americam,Asia
Iran,Asia
Bangladesh,Asia
Malaysia,Asia
Denmark,Europe
Hong Kong,Asia
Colombia,South America
South Africa,Afreeca
Romania,Europe
Egypt,Afreeca
Pakistan,Asia
Chile,South America
Czech Republic,Europe
Finland,Europe
Portugal,Europe
Kazakhstan,Asia
Peru,South America
Algeria,Afreeca
Iraq,Asia
New Zealand,Oceania
Nigeria,Afreeca
Greece,Europe
Qatar,Asia
Hungary,Europe
Ethiopia,Afreeca
Ukraine,Europe
Kuwait,Asia
Morocco,Afreeca
Slovakia,Europe
Dominican Republic,North America
Ecuador,South America
Puerto Rico,South America
Guatemala,North America
Oman,Asia
Bulgaria,Europe
Kenya,Afreeca
Venezuela,South America
Uzbekistan,Asia
Costa Rica,North America
Angola,Afreeca
Luxembourg,Europe
Croatia,Europe
PaNorth Americama,North America
Ivory Coast,Afreeca
Uruguay,South America
Turkmenistan,Asia
Serbia,Europe
Lithuania,Europe
Tanzania,Afreeca
Azerbaijan,Asia
GhaNorth America,Afreeca
Sri Lanka,Asia
DR Congo,Afreeca
Slovenia,Europe
Belarus,Europe
Myanmar,Asia
Uganda,Afreeca
Tunisia,Afreeca
Macau,Asia
Jordan,Asia
Cameroon,Afreeca
Bolivia,South America
Libya,Afreeca
Bahrain,Asia
Paraguay,South America
Latvia,Europe
Cambodia,Asia
Nepal,Asia
Estonia,Europe
Honduras,North America
Senegal,Afreeca
El South Americalvador,North America
Zimbabwe,Afreeca
Cyprus,Europe
Iceland,Europe
Georgia,Europe
Papua New Guinea,Oceania
Zambia,Afreeca
Bosnia and HerzegoviNorth America,Europe
Trinidad and Tobago,North America
Sudan,Afreeca
Guinea,Afreeca
Albania,Europe
Armenia,Asia
Haiti,North America
Mozambique,Afreeca
Malta,Europe
Mongolia,Asia
BurkiNorth America Faso,Afreeca
Lebanon,Asia
Mali,Afreeca
BotswaNorth America,Afreeca
Benin,Afreeca
GuyaNorth America,South America
Gabon,Afreeca
Jamaica,North America
Nicaragua,North America
Niger,Afreeca
Chad,Afreeca
Palestine,Asia
Moldova,Europe
Yemen,Asia
Madagascar,Afreeca
Mauritius,Afreeca
North Macedonia,Europe
Brunei,Asia
Congo,Afreeca
Laos,Asia
Afghanistan,Asia
Bahamas,South America
Rwanda,Afreeca
Kyrgyzstan,Asia
Tajikistan,Asia
Somalia,Afreeca
North Americamibia,Afreeca
Kosovo,Europe
Malawi,Afreeca
Equatorial Guinea,Afreeca
Mauritania,Afreeca
Togo,Afreeca
Montenegro,Europe
Maldives,Asia
Barbados,North America
South Sudan,Afreeca
Fiji,Oceania
Eswatini,Afreeca
Liberia,Afreeca
Sierra Leone,Afreeca
Djibouti,Afreeca
SuriNorth Americame,South America
Aruba,North America
Andorra,Europe
Belize,North America
Bhutan,Asia
Burundi,Afreeca
Central African Republic,Afreeca
Cape Verde,Afreeca
Gambia,Afreeca
South Americaint Lucia,North America
Lesotho,Afreeca
Seychelles,Afreeca
Guinea-BisSouth Americau,Afreeca
Antigua and Barbuda,North America
South American Marino,Europe
East Timor,Asia
Solomon Islands,Oceania
Comoros,Afreeca
GreNorth Americada,North America
Vanuatu,Oceania
South Americaint Kitts and Nevis,North America
South Americaint Vincent and the GreNorth Americadines,North America
South Americamoa,Oceania
S_o Tom_ and Pr_ncipe,Afreeca
Dominica,North America
Tonga,Oceania
Micronesia,Oceania
Kiribati,Oceania
Palau,Oceania
Marshall Islands,Oceania
Nauru,Oceania
Tuvalu,Oceania